Timestamp,User Count,Type,Name,Requests/s,Failures/s,50%,66%,75%,80%,90%,95%,98%,99%,99.9%,99.99%,100%,Total Request Count,Total Failure Count,Total Median Response Time,Total Average Response Time,Total Min Response Time,Total Max Response Time,Total Average Content Size
1790695588,0,,Aggregated,0.000000,0.000000,N/A,N/A,N/A,N/A,N/A,N/A,N/A,N/A,N/A,N/A,N/A,0,0,0,0.0,0,0,0
1790695589,1,GET,browse:list,0.000000,0.000000,0,0,0,0,0,0,0,0,0,0,0,1,0,24.003249942325056,24.003249942325056,24.003249942325056,24.003249942325056,1787.0
1790695589,1,,Aggregated,0.000000,0.000000,0,0,0,0,0,0,0,0,0,0,0,1,0,24.003249942325056,24.003249942325056,24.003249942325056,24.003249942325056,1787.0
1790695590,2,GET,browse:list,0.000000,0.000000,6,6,8,8,8,8,8,8,8,8,8,4,0,8,11.050469009205699,5.852334084920585,24.003249942325056,1787.0
1790695590,2,,Aggregated,0.000000,0.000000,6,6,8,8,8,8,8,8,8,8,8,4,0,8,11.050469009205699,5.852334084920585,24.003249942325056,1787.0
1790695591,3,GET,browse:list,1.000000,0.000000,6,6,8,8,10,10,10,10,10,10,10,7,0,6,9.130071582538742,4.072166979312897,24.003249942325056,1787.0
1790695591,3,,Aggregated,1.000000,0.000000,6,6,8,8,10,10,10,10,10,10,10,7,0,6,9.130071582538742,4.072166979312897,24.003249942325056,1787.0
1790695592,4,GET,browse:list,1.000000,0.000000,6,6,6,8,10,10,10,10,10,10,10,10,0,6,8.008379302918911,3.4372919471934438,24.003249942325056,1787.0
1790695592,4,,Aggregated,1.000000,0.000000,6,6,6,8,10,10,10,10,10,10,10,10,0,6,8.008379302918911,3.4372919471934438,24.003249942325056,1787.0
1790695593,5,GET,browse:detail,0.000000,0.000000,0,0,0,0,0,0,0,0,0,0,0,2,0,7.585042039863765,6.009604025166482,4.434166010469198,7.585042039863765,578.0
1790695593,5,GET,browse:list,2.000000,0.000000,6,6,6,6,8,10,10,10,10,10,10,12,0,6,7.560791835809748,3.4372919471934438,24.003249942325056,1787.0
1790695593,5,,Aggregated,2.000000,0.000000,6,6,6,8,8,10,10,10,10,10,10,14,0,6,7.339193577146424,3.4372919471934438,24.003249942325056,1614.2857142857142
1790695594,5,GET,browse:detail,0.000000,0.000000,6,6,6,6,6,6,6,6,6,6,6,4,0,6,5.196583486394957,3.2608339097350836,7.585042039863765,578.0
1790695594,5,GET,browse:list,2.000000,0.000000,6,6,6,8,8,10,10,10,10,10,10,14,0,6,7.529035925732127,3.4372919471934438,24.003249942325056,1787.0
1790695594,5,,Aggregated,2.000000,0.000000,6,6,6,8,8,10,10,10,10,10,10,18,0,6,7.010713161434978,3.2608339097350836,24.003249942325056,1518.3333333333333
1790695595,5,GET,browse:detail,0.000000,0.000000,6,6,6,6,6,6,6,6,6,6,6,5,0,6,5.368566792458296,3.2608339097350836,7.585042039863765,578.0
1790695595,5,GET,browse:list,2.500000,0.000000,6,6,6,8,8,10,10,10,10,10,10,16,0,6,7.330385618843138,3.4372919471934438,24.003249942325056,1787.0
1790695595,5,,Aggregated,2.500000,0.000000,6,6,6,8,8,10,10,10,10,10,10,21,0,6,6.863285898275318,3.2608339097350836,24.003249942325056,1499.142857142857
1790695596,5,GET,browse:detail,0.400000,0.000000,4,6,6,6,6,6,6,6,6,6,6,7,0,4,4.815161011980048,3.2608339097350836,7.585042039863765,578.0
1790695596,5,GET,browse:list,2.400000,0.000000,6,6,6,6,8,10,10,10,10,10,10,18,0,6,7.0709237738305495,3.4372919471934438,24.003249942325056,1787.0
1790695596,5,,Aggregated,2.800000,0.000000,6,6,6,6,8,8,10,10,10,10,10,25,0,6,6.439310200512409,3.2608339097350836,24.003249942325056,1448.48
1790695597,5,GET,browse:detail,0.666667,0.000000,4,6,6,6,6,6,6,6,6,6,6,7,0,4,4.815161011980048,3.2608339097350836,7.585042039863765,578.0
1790695597,5,GET,browse:list,2.333333,0.000000,6,6,6,7,8,8,10,10,10,10,10,23,0,6,6.743520047799077,3.4372919471934438,24.003249942325056,1787.0
1790695597,5,,Aggregated,3.000000,0.000000,6,6,6,7,8,8,10,10,10,10,10,30,0,6,6.29356960610797,3.2608339097350836,24.003249942325056,1504.9
1790695598,5,GET,browse:detail,0.714286,0.000000,4,6,6,6,6,6,6,6,6,6,6,7,0,4,4.815161011980048,3.2608339097350836,7.585042039863765,578.0
1790695598,5,GET,browse:list,2.285714,0.000000,6,6,7,8,8,10,12,12,12,12,12,25,0,6,6.983573441393673,3.4372919471934438,24.003249942325056,1787.0
1790695598,5,,Aggregated,3.000000,0.000000,6,6,7,7,8,10,12,12,12,12,12,32,0,6,6.509233222459443,3.2608339097350836,24.003249942325056,1522.53125
1790695599,5,GET,browse:detail,0.875000,0.000000,4,4,6,6,6,6,6,6,6,6,6,8,0,4,4.751349129946902,3.2608339097350836,7.585042039863765,578.0
1790695599,5,GET,browse:list,2.250000,0.000000,6,6,7,8,8,10,12,12,12,12,12,28,0,6,6.901721856723141,3.4372919471934438,24.003249942325056,1787.0
1790695599,5,,Aggregated,3.125000,0.000000,6,6,7,7,8,10,12,12,12,12,12,36,0,6,6.423861250772865,3.2608339097350836,24.003249942325056,1518.3333333333333
1790695600,5,GET,browse:detail,0.777778,0.000000,4,5,6,6,6,6,6,6,6,6,6,9,0,4,4.811379773956206,3.2608339097350836,7.585042039863765,578.0
1790695600,5,GET,browse:list,2.555556,0.000000,6,6,7,8,8,9,12,12,12,12,12,32,0,6,6.835985779616749,3.4372919471934438,24.003249942325056,1787.0
1790695600,5,,Aggregated,3.333333,0.000000,6,6,7,8,8,9,12,12,12,12,12,41,0,6,6.391560071057118,3.2608339097350836,24.003249942325056,1521.6097560975609
1790695601,5,GET,browse:detail,0.700000,0.000000,4,5,6,6,9,9,9,9,9,9,9,11,0,4,5.092454735528339,3.2608339097350836,9.053625050000846,578.0
1790695601,5,GET,browse:list,2.500000,0.000000,6,7,8,8,8,9,12,12,12,12,12,33,0,6,6.83893063317307,3.4372919471934438,24.003249942325056,1787.0
1790695601,5,,Aggregated,3.200000,0.000000,6,6,7,8,8,9,12,12,12,12,12,44,0,6,6.402311658761888,3.2608339097350836,24.003249942325056,1484.75
1790695602,5,GET,browse:detail,0.900000,0.000000,4,4,6,6,6,9,9,9,9,9,9,14,0,4,4.760640016424337,2.8542500222101808,9.053625050000846,578.0
1790695602,5,GET,browse:list,2.800000,0.000000,6,7,8,8,9,9,12,12,12,12,12,35,0,6,6.881617937636163,3.4372919471934438,24.003249942325056,1787.0
1790695602,5,,Aggregated,3.700000,0.000000,6,6,7,8,9,9,12,12,12,12,12,49,0,6,6.275624245861355,2.8542500222101808,24.003249942325056,1441.5714285714287
1790695603,5,GET,browse:detail,0.900000,0.000000,4,4,5,6,9,9,9,9,9,9,9,14,0,4,4.760640016424337,2.8542500222101808,9.053625050000846,578.0
1790695603,5,GET,browse:list,2.800000,0.000000,6,7,8,8,9,9,12,12,12,12,12,38,0,6,6.866639314562474,3.4372919471934438,24.003249942325056,1787.0
1790695603,5,,Aggregated,3.700000,0.000000,6,6,7,8,9,9,12,12,12,12,12,52,0,6,6.299639503525284,2.8542500222101808,24.003249942325056,1461.5
1790695604,5,GET,browse:detail,1.100000,0.000000,4,4,4,5,9,9,9,9,9,9,9,15,0,4,4.647852946072817,2.8542500222101808,9.053625050000846,578.0
1790695604,5,GET,browse:list,2.700000,0.000000,6,7,8,8,9,9,12,12,12,12,12,41,0,6,6.736206387669394,3.4372919471934438,24.003249942325056,1787.0
1790695604,5,,Aggregated,3.800000,0.000000,5,6,7,8,9,9,12,12,12,12,12,56,0,6,6.176826001527453,2.8542500222101808,24.003249942325056,1463.1607142857142
1790695605,5,GET,browse:detail,1.200000,0.000000,4,4,4,5,6,9,9,9,9,9,9,18,0,4,4.520613506125907,2.7865410083904862,9.053625050000846,578.0
1790695605,5,GET,browse:list,2.600000,0.000000,6,7,8,8,9,9,12,12,12,12,12,43,0,6,6.69587604149223,3.4372919471934438,24.003249942325056,1787.0
1790695605,5,,Aggregated,3.800000,0.000000,6,6,7,8,9,9,12,12,12,12,12,61,0,6,6.053995293351348,2.7865410083904862,24.003249942325056,1430.2459016393443
1790695606,5,GET,browse:detail,1.200000,0.000000,4,4,5,5,6,9,9,9,9,9,9,18,0,4,4.520613506125907,2.7865410083904862,9.053625050000846,578.0
1790695606,5,GET,browse:list,2.600000,0.000000,6,7,8,8,9,9,12,12,12,12,12,46,0,6,6.58721567141702,3.4372919471934438,24.003249942325056,1787.0
1790695606,5,,Aggregated,3.800000,0.000000,6,6,7,8,9,9,12,12,12,12,12,64,0,6,6.0059838124288945,2.7865410083904862,24.003249942325056,1446.96875
1790695607,5,GET,browse:detail,1.100000,0.000000,4,4,5,6,8,9,9,9,9,9,9,20,0,4,4.670041752979159,2.7865410083904862,9.053625050000846,578.0
1790695607,5,GET,browse:list,2.700000,0.000000,6,6,7,8,9,9,9,9,9,9,9,49,0,6,6.539574914554856,3.4372919471934438,24.003249942325056,1787.0
1790695607,5,,Aggregated,3.800000,0.000000,5,6,6,7,9,9,9,9,9,9,9,69,0,6,5.997681244532915,2.7865410083904862,24.003249942325056,1436.5652173913043
1790695608,5,GET,browse:detail,1.200000,0.000000,4,4,5,6,8,9,9,9,9,9,9,21,0,4,4.605908811624561,2.7865410083904862,9.053625050000846,578.0
1790695608,5,GET,browse:list,2.700000,0.000000,6,6,7,7,9,9,9,9,9,9,9,50,0,6,6.513773414772004,3.4372919471934438,24.003249942325056,1787.0
1790695608,5,,Aggregated,3.900000,0.000000,5,6,6,7,9,9,9,9,9,9,9,71,0,6,5.94947543355938,2.7865410083904862,24.003249942325056,1429.4084507042253
1790695609,5,GET,browse:detail,1.100000,0.000000,4,4,4,6,8,9,9,9,9,9,9,22,0,4,4.566159141673283,2.7865410083904862,9.053625050000846,578.0
1790695609,5,GET,browse:list,2.800000,0.000000,6,6,6,7,7,9,9,9,9,9,9,55,0,6,6.471792504784059,3.4372919471934438,24.003249942325056,1787.0
1790695609,5,,Aggregated,3.900000,0.000000,6,6,6,6,8,9,9,9,9,9,9,77,0,6,5.9273258296095515,2.7865410083904862,24.003249942325056,1441.5714285714287
1790695610,5,GET,browse:detail,1.300000,0.000000,4,4,4,4,6,8,8,8,8,8,8,24,0,4,4.543944504500057,2.7865410083904862,9.053625050000846,578.0
1790695610,5,GET,browse:list,2.600000,0.000000,6,6,6,6,7,9,9,9,9,9,9,56,0,6,6.434796960093081,3.4372919471934438,24.003249942325056,1787.0
1790695610,5,,Aggregated,3.900000,0.000000,5,6,6,6,7,9,9,9,9,9,9,80,0,6,5.867541223415174,2.7865410083904862,24.003249942325056,1424.3
1790695611,5,GET,browse:detail,1.400000,0.000000,4,4,5,6,7,8,8,8,8,8,8,26,0,4,4.654867046226102,2.7865410083904862,9.053625050000846,578.0
1790695611,5,GET,browse:list,2.700000,0.000000,6,6,6,6,7,7,9,9,9,9,9,59,0,6,6.376478181741501,3.4372919471934438,24.003249942325056,1787.0
1790695611,5,,Aggregated,4.100000,0.000000,5,6,6,6,7,8,9,9,9,9,9,85,0,6,5.84986771676032,2.7865410083904862,24.003249942325056,1417.1882352941177
1790695612,5,GET,browse:detail,1.400000,0.000000,4,5,5,6,7,8,8,8,8,8,8,28,0,4,4.691596791547324,2.7865410083904862,9.053625050000846,578.0
1790695612,5,GET,browse:list,2.700000,0.000000,6,6,6,6,7,7,7,7,7,7,7,61,0,6,6.380256223415986,3.4372919471934438,24.003249942325056,1787.0
1790695612,5,,Aggregated,4.100000,0.000000,5,6,6,6,7,7,8,8,8,8,8,89,0,6,5.848992581929216,2.7865410083904862,24.003249942325056,1406.6404494382023
1790695613,5,GET,browse:detail,1.500000,0.000000,5,5,5,6,7,8,8,8,8,8,8,29,0,4,4.694965591750525,2.7865410083904862,9.053625050000846,578.0
1790695613,5,GET,browse:list,2.400000,0.000000,6,6,7,7,7,8,10,10,10,10,10,64,0,6,6.451507226302056,3.4372919471934438,24.003249942325056,1787.0
1790695613,5,,Aggregated,3.900000,0.000000,5,6,6,7,7,8,10,10,10,10,10,93,0,6,5.903768437033299,2.7865410083904862,24.003249942325056,1410.0
1790695614,5,GET,browse:detail,1.500000,0.000000,4,5,5,5,7,8,8,8,8,8,8,30,0,4,4.674108404045303,2.7865410083904862,9.053625050000846,578.0
1790695614,5,GET,browse:list,2.400000,0.000000,6,6,7,7,8,9,10,10,10,10,10,67,0,6,6.462074675486048,3.4372919471934438,24.003249942325056,1787.0
1790695614,5,,Aggregated,3.900000,0.000000,5,6,7,7,8,9,10,10,10,10,10,97,0,6,5.90909541627757,2.7865410083904862,24.003249942325056,1413.0824742268042
1790695615,5,GET,browse:detail,1.500000,0.000000,4,5,5,5,7,8,8,8,8,8,8,31,0,4,4.647900583222508,2.7865410083904862,9.053625050000846,578.0
1790695615,5,GET,browse:list,2.600000,0.000000,6,6,7,7,8,9,10,10,10,10,10,70,0,6,6.388456605574382,3.4372919471934438,24.003249942325056,1787.0
1790695615,5,,Aggregated,4.100000,0.000000,5,6,7,7,8,9,10,10,10,10,10,101,0,6,5.854226539307965,2.7865410083904862,24.003249942325056,1415.920792079208
1790695616,5,GET,browse:detail,1.500000,0.000000,4,5,5,5,5,7,7,7,7,7,7,33,0,4,4.5897929407091755,2.7865410083904862,9.053625050000846,578.0
1790695616,5,GET,browse:list,2.600000,0.000000,6,7,7,7,9,10,10,10,10,10,10,72,0,6,6.4298611703432265,3.4372919471934438,24.003249942325056,1787.0
1790695616,5,,Aggregated,4.100000,0.000000,5,6,7,7,8,10,10,10,10,10,10,105,0,6,5.851554012458239,2.7865410083904862,24.003249942325056,1407.0285714285715
1790695617,5,GET,browse:detail,1.500000,0.000000,4,5,5,5,5,7,7,7,7,7,7,34,0,4,4.554088265114628,2.7865410083904862,9.053625050000846,578.0
1790695617,5,GET,browse:list,2.600000,0.000000,6,7,7,7,10,10,10,10,10,10,10,76,0,6,6.4226979784986105,3.4372919471934438,24.003249942325056,1787.0
1790695617,5,,Aggregated,4.100000,0.000000,5,6,7,7,9,10,10,10,10,10,10,110,0,6,5.845127703452652,2.7865410083904862,24.003249942325056,1413.3090909090909
